{"count":1,"self":7454.0261376,"total":25401.737080299998,"children":{"InitializeActuators":{"count":18,"self":0.0029920999999999997,"total":0.0029920999999999997,"children":null},"InitializeSensors":{"count":18,"self":0.0019947,"total":0.0019947,"children":null},"AgentSendState":{"count":2222251,"self":94.1002304,"total":368.0974518,"children":{"CollectObservations":{"count":4000068,"self":35.6371616,"total":35.6371608,"children":null},"WriteActionMask":{"count":4000068,"self":20.4316992,"total":20.4316997,"children":null},"RequestDecision":{"count":4000068,"self":58.1175552,"total":217.9283606,"children":{"AgentInfo.ToProto":{"count":4000068,"self":54.2459328,"total":159.8108066,"children":{"GenerateSensorData":{"count":4000068,"self":105.5648768,"total":105.5648768,"children":null}}}}}}},"DecideAction":{"count":2222251,"self":17512.4168704,"total":17512.4160732,"children":null},"AgentAct":{"count":2222251,"self":64.6429696,"total":64.7634453,"children":{"AgentInfo.ToProto":{"count":1814,"self":0.0348696,"total":0.12047329999999999,"children":{"GenerateSensorData":{"count":1814,"self":0.085603699999999991,"total":0.085603699999999991,"children":null}}}}},"AgentInfo.ToProto":{"count":35764,"self":0.8039906,"total":2.4270266,"children":{"GenerateSensorData":{"count":35764,"self":1.623036,"total":1.623036,"children":null}}}},"gauges":{"DwarfBehavior.CumulativeReward":{"count":37578,"max":1,"min":0,"runningAverage":0.9517266,"value":1,"weightedAverage":0.9999999}},"metadata":{"timer_format_version":"0.1.0","start_time_seconds":"1622889513","unity_version":"2019.4.21f1","command_line_arguments":"C:\\Program Files\\UnityEditor\\2019.4.21f1\\Editor\\Unity.exe -projectpath C:\/Users\/gooby\/Documents\/GameAI2\/GameAI\/GameAI3 -useHub -hubIPC -cloudEnvironment production -hubSessionId e2254a60-c0f4-11eb-872e-d1364d5c33c1 -accessToken d9KDZ5lQca163mKzv1_A0nAJCW_X64RWgjLvjYbcwc400ff","communication_protocol_version":"1.5.0","com.unity.ml-agents_version":"2.0.0-exp.1","scene_name":"FinalMap","end_time_seconds":"1622914915"}}