{"count":1,"self":11592.1723392,"total":16978.2404822,"children":{"InitializeActuators":{"count":5,"self":0.0030789999999999997,"total":0.0030789999999999997,"children":null},"InitializeSensors":{"count":5,"self":0.0039883,"total":0.0039883,"children":null},"AgentSendState":{"count":2000034,"self":51.0107328,"total":790.8863858,"children":{"CollectObservations":{"count":1000020,"self":10.369403199999999,"total":10.3694034,"children":null},"WriteActionMask":{"count":1000020,"self":7.4206623999999994,"total":7.420662,"children":null},"RequestDecision":{"count":1000020,"self":21.991185599999998,"total":722.0855891,"children":{"AgentInfo.ToProto":{"count":1000020,"self":23.6380368,"total":700.0944029,"children":{"GenerateSensorData":{"count":1000020,"self":676.4563456,"total":676.4563663,"children":null}}}}}}},"DecideAction":{"count":2000034,"self":4492.2425343999994,"total":4492.2426641,"children":null},"AgentAct":{"count":2000034,"self":32.9657088,"total":36.344360699999996,"children":{"AgentInfo.ToProto":{"count":3945,"self":0.1212413,"total":3.3786521,"children":{"GenerateSensorData":{"count":3945,"self":3.2574107999999997,"total":3.2574107999999997,"children":null}}}}},"AgentInfo.ToProto":{"count":85217,"self":2.7724528,"total":66.5854371,"children":{"GenerateSensorData":{"count":85217,"self":63.8129856,"total":63.8129844,"children":null}}}},"gauges":{"DwarfBehavior.CumulativeReward":{"count":89162,"max":1,"min":0,"runningAverage":0.9557455,"value":1,"weightedAverage":0.9749467}},"metadata":{"timer_format_version":"0.1.0","start_time_seconds":"1621927300","unity_version":"2019.4.21f1","command_line_arguments":"C:\\Program Files\\UnityEditor\\2019.4.21f1\\Editor\\Unity.exe -projectpath C:\/Users\/gooby\/Documents\/GameAI2\/GameAI\/GameAI3 -useHub -hubIPC -cloudEnvironment production -hubSessionId ca1549b0-b22c-11eb-867c-756bd7ec9cd6 -accessToken og_eEauJCUmTSJX2w3e4rh8EfxhXkMSqENLdtf2kh1s00ff","communication_protocol_version":"1.5.0","com.unity.ml-agents_version":"2.0.0-exp.1","scene_name":"InitialTests","end_time_seconds":"1621944277"}}