{"count":1,"self":695.1527936,"total":3490.9530434999997,"children":{"InitializeActuators":{"count":18,"self":0.0019949,"total":0.0019949,"children":null},"InitializeSensors":{"count":18,"self":0.0019943,"total":0.0019943,"children":null},"AgentSendState":{"count":241651,"self":11.036868799999999,"total":251.78023549999997,"children":{"CollectObservations":{"count":434988,"self":4.2092051999999995,"total":4.2092051999999995,"children":null},"WriteActionMask":{"count":434988,"self":2.4879696,"total":2.4879696,"children":null},"RequestDecision":{"count":434988,"self":7.2898784,"total":234.04619169999998,"children":{"AgentInfo.ToProto":{"count":434988,"self":7.8485384,"total":226.7563137,"children":{"GenerateSensorData":{"count":434988,"self":218.90777599999998,"total":218.90777549999999,"children":null}}}}}}},"DecideAction":{"count":241651,"self":2518.9197824,"total":2518.9197538999997,"children":null},"AgentAct":{"count":241651,"self":9.2308664,"total":9.3480011,"children":{"AgentInfo.ToProto":{"count":196,"self":0.0049846,"total":0.11713499999999999,"children":{"GenerateSensorData":{"count":196,"self":0.1121504,"total":0.1121504,"children":null}}}}},"AgentInfo.ToProto":{"count":23800,"self":0.6416672,"total":15.747287499999999,"children":{"GenerateSensorData":{"count":23800,"self":15.105620799999999,"total":15.1056203,"children":null}}}},"gauges":{"DwarfBehavior.CumulativeReward":{"count":23996,"max":1,"min":0,"runningAverage":0.991829634,"value":1,"weightedAverage":0.9999999}},"metadata":{"timer_format_version":"0.1.0","start_time_seconds":"1622859889","unity_version":"2019.4.21f1","command_line_arguments":"C:\\Program Files\\UnityEditor\\2019.4.21f1\\Editor\\Unity.exe -projectpath C:\/Users\/gooby\/Documents\/GameAI2\/GameAI\/GameAI3 -useHub -hubIPC -cloudEnvironment production -hubSessionId e2254a60-c0f4-11eb-872e-d1364d5c33c1 -accessToken d9KDZ5lQca163mKzv1_A0nAJCW_X64RWgjLvjYbcwc400ff","communication_protocol_version":"1.5.0","com.unity.ml-agents_version":"2.0.0-exp.1","scene_name":"InitialTests2","end_time_seconds":"1622863380"}}